Device_Name,Model_Number,Manufacturer,Indications_for_Use,Contraindications
Metformin Hydrochloride (Drug Label),FDA-METFORMIN,A-S Medication Solutions,"[INDICATIONS]
1 INDICATIONS & USAGE Metformin hydrochloride tablets are indicated as an adjunct to diet and exercise to improve glycemic control in adults and pediatric patients 10 years of age and older with type 2 diabetes mellitus. Metformin hydrochloride tablets are biguanide indicated as an adjunct to diet and exercise to improve glycemic control in adults and pediatric patients 10 years of age and older with type 2 diabetes mellitus. ( 1 )

[CONTRAINDICATIONS]
4 CONTRAINDICATIONS Metformin hydrochloride tablets are contraindicated in patients with: Severe renal impairment (eGFR below 30 mL/min/1.73 m 2 ) [ see Warnings and Precautions (5.1) ]. Hypersensitivity to metformin. Acute or chronic metabolic acidosis, including diabetic ketoacidosis, with or without coma. Severe renal impairment (eGFR below 30 mL/min/1.73 m 2 ) ( 4 , 5.1 ) Hypersensitivity to metformin ( 4 ) Acute or chronic metabolic acidosis, including diabetic ketoacidosis, with or without coma. ( 4 )

[WARNINGS]
5 WARNINGS AND PRECAUTIONS Lactic Acidosis: See boxed warning. ( 5.1 ) Vitamin B 12 Deficiency: Metformin may lower vitamin B12 levels. Measure hematological parameters annually and vitamin B12 at 2 to 3 year intervals and manage any abnormalities. ( 5.2 ) Hypoglycemia with Concomitant Use with Insulin and Insulin Secretagogues: Increased risk of hypoglycemia when used in combination with insulin and/or an insulin secretagogue. Lower dose of insulin or insulin secretagogue may be required ( 5.3 ) 5.1 Lactic Acidosis There have been postmarketing cases of metformin-associated lactic acidosis, including fatal cases. These cases had a subtle onset and were accompanied by nonspecific symptoms such as malaise, myalgias, abdominal pain, respiratory distress, or increased somnolence; however, hypotension and resistant bradyarrhythmias have occurred with severe acidosis. Metformin­ associated lactic acidosis was characterized by elevated blood lactate concentrations (>5 mmol/L), anion gap acidosis (without evidence of ketonuria or ketonemia), and an increased lactate: pyruvate ratio; metformin plasma levels were generally >5 mcg/mL. Metformin decreases liver uptake of lactate increasing lactate blood levels which may increase the risk of lactic acidosis, especially in patients at risk. If metformin-associated lactic acidosis is suspected, general supportive measures should be instituted promptly in a hospital setting, along with immediate discontinuation of metformin hydrochloride ta

[DOSAGE]
2 DOSAGE & ADMINISTRATION Adult Dosage for metformin hydrochloride tablets: Starting dose: 500 mg orally twice a day or 850 mg once a day, with meals ( 2.1 ) Increase the dose in increments of 500 mg weekly or 850 mg every 2 weeks, up to a maximum dose of 2550 mg per day, given in divided doses ( 2.1 ) Doses above 2000 mg may be better tolerated given 3 times a day with meals ( 2.1 ) Pediatric Dosage for metformin hydrochloride tablets: Starting dose: 500 mg orally twice a day, with meals","4 CONTRAINDICATIONS Metformin hydrochloride tablets are contraindicated in patients with: Severe renal impairment (eGFR below 30 mL/min/1.73 m 2 ) [ see Warnings and Precautions (5.1) ]. Hypersensitivity to metformin. Acute or chronic metabolic acidosis, including diabetic ketoacidosis, with or without coma. Severe renal impairment (eGFR below 30 mL/min/1.73 m 2 ) ( 4 , 5.1 ) Hypersensitivity to metformin ( 4 ) Acute or chronic metabolic acidosis, including diabetic ketoacidosis, with or without coma. ( 4 )"
Lisinopril and Hydrochlorothiazide (Drug Label),FDA-LISINOPRIL,ST. MARY'S MEDICAL PARK PHARMACY,"[INDICATIONS]
INDICATIONS AND USAGE Lisinopril and hydrochlorothiazide tablets are indicated for the treatment of hypertension, to lower blood pressure. Lowering blood pressure lowers the risk of fatal and non-fatal cardiovascular events, primarily strokes and myocardial infarctions. These benefits have been seen in controlled trials of antihypertensive drugs from a wide variety of pharmacologic classes including lisinopril and hydrochlorothiazide. Control of high blood pressure should be part of comprehensive cardiovascular risk management, including, as appropriate, lipid control, diabetes management, antithrombotic therapy, smoking cessation, exercise, and limited sodium intake. Many patients will require more than 1 drug to achieve blood pressure goals. For specific advice on goals and management, see published guidelines, such as those of the National High Blood Pressure Education Program’s Joint National Committee on Prevention, Detection, Evaluation, and Treatment of High Blood Pressure (JNC). Numerous antihypertensive drugs, from a variety of pharmacologic classes and with different mechanisms of action, have been shown in randomized controlled trials to reduce cardiovascular morbidity and mortality, and it can be concluded that it is blood pressure reduction, and not some other pharmacologic property of the drugs, that is largely responsible for those benefits. The largest and most consistent cardiovascular outcome benefit has been a reduction in the risk of stroke, but reductions

[CONTRAINDICATIONS]
CONTRAINDICATIONS Lisinopril and hydrochlorothiazide tablets are contraindicated in patients who are hypersensitive to any component of this product and in patients with a history of angioedema related to previous treatment with an angiotensin converting enzyme inhibitor and in patients with hereditary or idiopathic angioedema. Because of the hydrochlorothiazide component, this product is contraindicated in patients with anuria or hypersensitivity to other sulfonamide-derived drugs. Lisinopril and hydrochlorothiazide tablets are contraindicated in combination with a neprilysin inhibitor (e.g., sacubitril). Do not administer lisinopril and hydrochlorothiazide tablets within 36 hours of switching to or from sacubitril/valsartan, a neprilysin inhibitor (see WARNINGS ). Do not coadminister aliskiren with lisinopril and hydrochlorothiazide tablets in patients with diabetes.

[DOSAGE]
DOSAGE AND ADMINISTRATION Lisinopril monotherapy is an effective treatment of hypertension in once-daily doses of 10 mg to 80 mg, while hydrochlorothiazide monotherapy is effective in doses of 12.5 mg to 50 mg per day. In clinical trials of lisinopril/hydrochlorothiazide combination therapy using lisinopril doses of 10 mg to 80 mg and hydrochlorothiazide doses of 6.25 mg to 50 mg, the antihypertensive response rates generally increased with increasing dose of either component. The side effects (see WARNINGS ) of lisinopril are generally rare and apparently independe","CONTRAINDICATIONS Lisinopril and hydrochlorothiazide tablets are contraindicated in patients who are hypersensitive to any component of this product and in patients with a history of angioedema related to previous treatment with an angiotensin converting enzyme inhibitor and in patients with hereditary or idiopathic angioedema. Because of the hydrochlorothiazide component, this product is contraindicated in patients with anuria or hypersensitivity to other sulfonamide-derived drugs. Lisinopril and hydrochlorothiazide tablets are contraindicated in combination with a neprilysin inhibitor (e.g., sacubitril). Do not administer lisinopril and hydrochlorothiazide tablets within 36 hours of switching to or from sacubitril/valsartan, a neprilysin inhibitor (see WARNINGS ). Do not coadminister aliskiren with lisinopril and hydrochlorothiazide tablets in patients with diabetes."
Atorvastatin calcium (Drug Label),FDA-ATORVASTATIN,Bryant Ranch Prepack,"[INDICATIONS]
1 INDICATIONS AND USAGE Atorvastatin calcium tablets are indicated: To reduce the risk of: Myocardial infarction (MI), stroke, revascularization procedures, and angina in adults with multiple risk factors for coronary heart disease (CHD) but without clinically evident CHD MI and stroke in adults with type 2 diabetes mellitus with multiple risk factors for CHD but without clinically evident CHD Non-fatal MI, fatal and non-fatal stroke, revascularization procedures, hospitalization for congestive heart failure, and angina in adults with clinically evident CHD As an adjunct to diet to reduce low-density lipoprotein cholesterol (LDL-C) in: Adults with primary hyperlipidemia. Adults and pediatric patients aged 10 years and older with heterozygous familial hypercholesterolemia (HeFH). As an adjunct to other LDL-C-lowering therapies, or alone if such treatments are unavailable, to reduce LDL-C in adults and pediatric patients aged 10 years and older with homozygous familial hypercholesterolemia (HoFH). As an adjunct to diet for the treatment of adults with: Primary dysbetalipoproteinemia Hypertriglyceridemia Atorvastatin calcium tablets are an HMG-CoA reductase inhibitor (statin) indicated ( 1 ): To reduce the risk of: Myocardial infarction (MI), stroke, revascularization procedures, and angina in adults with multiple risk factors for coronary heart disease (CHD) but without clinically evident CHD. MI and stroke in adults with type 2 diabetes mellitus with multiple risk factors for 

[CONTRAINDICATIONS]
4 CONTRAINDICATIONS Acute liver failure or decompensated cirrhosis [see Warnings and Precautions (5.3) ] Hypersensitivity to atorvastatin or any excipients in atorvastatin calcium. Hypersensitivity reactions, including anaphylaxis, angioneurotic edema, erythema multiforme, Stevens-Johnson syndrome, and toxic epidermal necrolysis, have been reported [see Adverse Reactions (6.2) ]. Acute liver failure or decompensated cirrhosis ( 4 ). Hypersensitivity to atorvastatin or any excipient in atorvastatin calcium ( 4 ).

[WARNINGS]
5 WARNINGS AND PRECAUTIONS Myopathy and Rhabdomyolysis: Risk factors include age 65 years or greater, uncontrolled hypothyroidism, renal impairment, concomitant use with certain other drugs, and higher atorvastatin calcium dosage. Discontinue atorvastatin calcium if markedly elevated CK levels occur or myopathy is diagnosed or suspected. Temporarily discontinue atorvastatin calcium in patients experiencing an acute or serious condition at high risk of developing renal failure secondary to rhabdomyolysis. Inform patients of the risk of myopathy and rhabdomyolysis when starting or increasing atorvastatin calcium dosage. Instruct patients to promptly report unexplained muscle pain, tenderness, or weakness, particularly if accompanied by malaise or fever ( 2.5 , 5.1 , 7.1 , 8.5 , 8.6 ). Immune-Mediated Necrotizing Myopathy (IMNM): Rare reports of IMNM, an autoimmune myopathy, have been reported with statin use. Discontinue a","4 CONTRAINDICATIONS Acute liver failure or decompensated cirrhosis [see Warnings and Precautions (5.3) ] Hypersensitivity to atorvastatin or any excipients in atorvastatin calcium. Hypersensitivity reactions, including anaphylaxis, angioneurotic edema, erythema multiforme, Stevens-Johnson syndrome, and toxic epidermal necrolysis, have been reported [see Adverse Reactions (6.2) ]. Acute liver failure or decompensated cirrhosis ( 4 ). Hypersensitivity to atorvastatin or any excipient in atorvastatin calcium ( 4 )."
AMOXICILLIN AND CLAVULANATE POTASSIUM (Drug Label),FDA-AMOXICILLIN,A-S Medication Solutions,"[INDICATIONS]
1 INDICATIONS AND USAGE Amoxicillin and Clavulanate Potassium is indicated for the treatment of infections in adults and pediatric patients, due to susceptible isolates of the designated bacteria in the conditions listed below: Lower Respiratory Tract Infections - caused by beta‑lactamase–producing isolates of Haemophilus influenzae and Moraxella catarrhalis . Acute Bacterial Otitis Media - caused by beta‑lactamase–producing isolates of H. influenzae and M. catarrhalis . Sinusitis - caused by beta‑lactamase–producing isolates of H. influenzae and M. catarrhalis . Skin and Skin Structure Infections - caused by beta‑lactamase–producing isolates of Staphylococcus aureus , Escherichia coli , and Klebsiella species. Urinary Tract Infections - caused by beta‑lactamase–producing isolates of E. coli , Klebsiella species, and Enterobacter species. Amoxicillin and Clavulanate Potassium is a combination of amoxicillin, a penicillin-class antibacterial and clavulanate potassium, a beta‑lactamase inhibitor indicated for treatment of the following infections in adults and pediatric patients: ( 1 ) Lower respiratory tract infections Acute bacterial otitis media Sinusitis Skin and skin structure infections Urinary tract infections Limitations of Use When susceptibility test results show susceptibility to amoxicillin, indicating no beta-lactamase production, Amoxicillin and Clavulanate Potassium should not be used. ( 1 ) Usage To reduce the development of drug-resistant bacteria and maintain 

[CONTRAINDICATIONS]
4 CONTRAINDICATIONS History of a serious hypersensitivity reaction (e.g., anaphylaxis or Stevens-Johnson syndrome) to Amoxicillin and Clavulanate Potassium or to other beta‑lactams (e.g., penicillins or cephalosporins). ( 4.1 ) History of cholestatic jaundice/hepatic dysfunction associated with Amoxicillin and Clavulanate Potassium. ( 4.2 ) 4.1 Serious Hypersensitivity Reactions Amoxicillin and Clavulanate Potassium is contraindicated in patients with a history of serious hypersensitivity reactions (e.g., anaphylaxis or Stevens-Johnson syndrome) to amoxicillin, clavulanate or to other beta‑lactam antibacterial drugs (e.g., penicillins and cephalosporins). 4.2 Cholestatic Jaundice/Hepatic Dysfunction Amoxicillin and Clavulanate Potassium is contraindicated in patients with a previous history of cholestatic jaundice/hepatic dysfunction associated with Amoxicillin and Clavulanate Potassium.

[WARNINGS]
5 WARNINGS AND PRECAUTIONS Serious (including fatal) hypersensitivity reactions: Discontinue Amoxicillin and Clavulanate Potassium if a reaction occurs. ( 5.1 ) Severe Cutaneous Adverse Reactions (SCAR): Monitor closely. Discontinue if rash progresses. ( 5.2 ) Hepatic dysfunction and cholestatic jaundice: Discontinue if signs/symptoms of hepatitis occur. Monitor liver function tests in patients with hepatic impairment. ( 5.3 ) Clostridioides difficile -associated diarrhea (CDAD): Evaluate patients if diarrhea occurs. ( 5.4 ) Patients with mononu","4 CONTRAINDICATIONS History of a serious hypersensitivity reaction (e.g., anaphylaxis or Stevens-Johnson syndrome) to Amoxicillin and Clavulanate Potassium or to other beta‑lactams (e.g., penicillins or cephalosporins). ( 4.1 ) History of cholestatic jaundice/hepatic dysfunction associated with Amoxicillin and Clavulanate Potassium. ( 4.2 ) 4.1 Serious Hypersensitivity Reactions Amoxicillin and Clavulanate Potassium is contraindicated in patients with a history of serious hypersensitivity reactions (e.g., anaphylaxis or Stevens-Johnson syndrome) to amoxicillin, clavulanate or to other beta‑lactam antibacterial drugs (e.g., penicillins and cephalosporins). 4.2 Cholestatic Jaundice/Hepatic Dysfunction Amoxicillin and Clavulanate Potassium is contraindicated in patients with a previous history of cholestatic jaundice/hepatic dysfunction associated with Amoxicillin and Clavulanate Potassium."
Sertraline Hydrochloride (Drug Label),FDA-SERTRALINE,Proficient Rx LP,"[INDICATIONS]
INDICATIONS AND USAGE Major Depressive Disorder – Sertraline hydrochloride is indicated for the treatment of major depressive disorder in adults. The efficacy of Sertraline hydrochloride in the treatment of a major depressive episode was established in six to eight week controlled trials of adult outpatients whose diagnoses corresponded most closely to the DSM-III category of major depressive disorder (see Clinical Trials under CLINICAL PHARMACOLOGY ). A major depressive episode implies a prominent and relatively persistent depressed or dysphoric mood that usually interferes with daily functioning (nearly every day for at least 2 weeks); it should include at least 4 of the following 8 symptoms: change in appetite, change in sleep, psychomotor agitation or retardation, loss of interest in usual activities or decrease in sexual drive, increased fatigue, feelings of guilt or worthlessness, slowed thinking or impaired concentration, and a suicide attempt or suicidal ideation. The antidepressant action of sertraline hydrochloride in hospitalized depressed patients has not been adequately studied. The efficacy of sertraline hydrochloride in maintaining an antidepressant response for up to 44 weeks following 8 weeks of open-label acute treatment (52 weeks total) was demonstrated in a placebo-controlled trial. The usefulness of the drug in patients receiving sertraline hydrochloride for extended periods should be reevaluated periodically (see Clinical Trials under CLINICAL PHARMACOLO

[CONTRAINDICATIONS]
CONTRAINDICATIONS All Dosage Forms of Sertraline: The use of MAOIs intended to treat psychiatric disorders with Sertraline hydrochloride or within 14 days of stopping treatment with Sertraline hydrochloride is contraindicated because of an because of an increased risk if serotonin syndrome. The use of Sertraline hydrochloride within 14 days of stopping an MAOI intended to treat psychiatric disorders is also contraindicated (see WARNINGS and DOSAGE AND ADMINISTRATION ). Starting Sertraline hydrochloride in a patient who is being treated with MAOIs such as linezolid or intravenous methyelene blue is also contraindicated because of an increased risk of serotonin syndrome (see WARNINGS and DOSAGE AND ADMINISTRATION). Concomitant use in patients taking pimozide is contraindicated (see PRECAUTIONS ). Sertraline is contraindicated in patients with a hypersensitivity to sertraline or any of the inactive ingredients in sertraline hydrochloride tablets.

[DOSAGE]
DOSAGE AND ADMINISTRATION Initial Treatment Dosage for Adults Major Depressive Disorder –Sertraline hydrochloride treatment should be administered at a dose of 50 mg once daily. While a relationship between dose and effect has not been established for major depressive disorder, OCD, panic disorder, PTSD or social anxiety disorder, patients were dosed in a range of 50-200 mg/day in the clinical trials demonstrating the effectiveness of Sertraline hydrochloride for the treatment of this indica",CONTRAINDICATIONS All Dosage Forms of Sertraline: The use of MAOIs intended to treat psychiatric disorders with Sertraline hydrochloride or within 14 days of stopping treatment with Sertraline hydrochloride is contraindicated because of an because of an increased risk if serotonin syndrome. The use of Sertraline hydrochloride within 14 days of stopping an MAOI intended to treat psychiatric disorders is also contraindicated (see WARNINGS and DOSAGE AND ADMINISTRATION ). Starting Sertraline hydrochloride in a patient who is being treated with MAOIs such as linezolid or intravenous methyelene blue is also contraindicated because of an increased risk of serotonin syndrome (see WARNINGS and DOSAGE AND ADMINISTRATION). Concomitant use in patients taking pimozide is contraindicated (see PRECAUTIONS ). Sertraline is contraindicated in patients with a hypersensitivity to sertraline or any of the inactive ingredients in sertraline hydrochloride tablets.
Omeprazole (Drug Label),FDA-OMEPRAZOLE,Chain Drug Marketing Association INC,"[INDICATIONS]
Use(s) treats frequent heartburn (occurs 2 or more days a week) not intended for immediate relief of heartburn; this drug may take 1 to 4 days for full effect

[DOSAGE]
Directions for adults 18 years of age and older this product is to be used once a day (every 24 hours), every day for 14 days it may take 1 to 4 days for full effect; some people get complete relief of symptoms within 24 hours 14-Day Course of Treatment swallow 1 tablet with a glass of water before eating in the morning take every day for 14 days do not take more than 1 tablet a day do not use for more than 14 days unless directed by your doctor swallow whole. Do not chew or crush tablets Repeated 14-Day Courses (if needed) you may repeat a 14-day course every 4 months do not take for more than 14 days or more often than every 4 months unless directed by a doctor children under 18 years of age: ask a doctor. Heartburn in children may sometimes be caused by a serious condition.",See full label.
Warfarin Sodium (Drug Label),FDA-WARFARIN,"Teva Pharmaceuticals USA, Inc.","[INDICATIONS]
1 INDICATIONS AND USAGE Warfarin sodium tablets are indicated for: Prophylaxis and treatment of venous thrombosis and its extension, pulmonary embolism (PE). Prophylaxis and treatment of thromboembolic complications associated with atrial fibrillation (AF) and/or cardiac valve replacement. Reduction in the risk of death, recurrent myocardial infarction (MI), and thromboembolic events such as stroke or systemic embolization after myocardial infarction. Limitations of Use Warfarin sodium tablets have no direct effect on an established thrombus, nor does it reverse ischemic tissue damage. Once a thrombus has occurred, however, the goals of anticoagulant treatment are to prevent further extension of the formed clot and to prevent secondary thromboembolic complications that may result in serious and possibly fatal sequelae. Warfarin sodium tablets are a vitamin K antagonist indicated for: Prophylaxis and treatment of venous thrombosis and its extension, pulmonary embolism ( 1 ) Prophylaxis and treatment of thromboembolic complications associated with atrial fibrillation and/or cardiac valve replacement ( 1 ) Reduction in the risk of death, recurrent myocardial infarction, and thromboembolic events such as stroke or systemic embolization after myocardial infarction ( 1 ) Limitations of Use Warfarin sodium tablets have no direct effect on an established thrombus, nor does it reverse ischemic tissue damage. ( 1 )

[CONTRAINDICATIONS]
4 CONTRAINDICATIONS Warfarin sodium is contraindicated in: Pregnancy Warfarin sodium is contraindicated in women who are pregnant except in pregnant women with mechanical heart valves, who are at high risk of thromboembolism [see Warnings and Precautions ( 5.7 ) and Use in Specific Populations ( 8.1 )] . Warfarin sodium can cause fetal harm when administered to a pregnant woman. Warfarin sodium exposure during pregnancy causes a recognized pattern of major congenital malformations (warfarin embryopathy and fetotoxicity), fatal fetal hemorrhage, and an increased risk of spontaneous abortion and fetal mortality. If warfarin sodium is used during pregnancy or if the patient becomes pregnant while taking this drug, the patient should be apprised of the potential hazard to a fetus [see Use in Specific Populations ( 8.1 )] . Warfarin sodium is contraindicated in patients with: Hemorrhagic tendencies or blood dyscrasias Recent or contemplated surgery of the central nervous system or eye, or traumatic surgery resulting in large open surfaces [see Warnings and Precautions ( 5.8 )] Bleeding tendencies associated with: − Active ulceration or overt bleeding of the gastrointestinal, genitourinary, or respiratory tract − Central nervous system hemorrhage − Cerebral aneurysms, dissecting aorta − Pericarditis and pericardial effusions − Bacterial endocarditis Threatened abortion, eclampsia, and preeclampsia Unsupervised patients with conditions associated with potential high level of non-com

[WARNINGS]
5 WARNINGS AND PRECAUTI","4 CONTRAINDICATIONS Warfarin sodium is contraindicated in: Pregnancy Warfarin sodium is contraindicated in women who are pregnant except in pregnant women with mechanical heart valves, who are at high risk of thromboembolism [see Warnings and Precautions ( 5.7 ) and Use in Specific Populations ( 8.1 )] . Warfarin sodium can cause fetal harm when administered to a pregnant woman. Warfarin sodium exposure during pregnancy causes a recognized pattern of major congenital malformations (warfarin embryopathy and fetotoxicity), fatal fetal hemorrhage, and an increased risk of spontaneous abortion and fetal mortality. If warfarin sodium is used during pregnancy or if the patient becomes pregnant while taking this drug, the patient should be apprised of the potential hazard to a fetus [see Use in Specific Populations ( 8.1 )] . Warfarin sodium is contraindicated in patients with: Hemorrhagic tendencies or blood dyscrasias Recent or contemplated surgery of the central nervous system or eye, or traumatic surgery resulting in large open surfaces [see Warnings and Precautions ( 5.8 )] Bleeding tendencies associated with: − Active ulceration or overt bleeding of the gastrointestinal, genitourinary, or respiratory tract − Central nervous system hemorrhage − Cerebral aneurysms, dissecting aorta − Pericarditis and pericardial effusions − Bacterial endocarditis Threatened abortion, eclampsia, and preeclampsia Unsupervised patients with conditions associated with potential high level of non-com"
ALENDRONATE SODIUM (Drug Label),FDA-ALENDRONATE,"NuCare Pharmaceuticals, Inc.","[INDICATIONS]
1 INDICATIONS AND USAGE Alendronate sodium is a bisphosphonate indicated for: Treatment and prevention of osteoporosis in postmenopausal women ( 1.1 , 1.2 ) Treatment to increase bone mass in men with osteoporosis ( 1.3 ) Treatment of glucocorticoid-induced osteoporosis ( 1.4 ) Treatment of Paget's disease of bone ( 1.5 ) Limitations of use: Optimal duration of use has not been determined. For patients at low- risk for fracture, consider drug discontinuation after 3 to 5 years of use. (1.6) 1.1 Treatment of Osteoporosis in Postmenopausal Women Alendronate sodium tablets, USP are indicated for the treatment of osteoporosis in postmenopausal women. In postmenopausal women, alendronate sodium tablets, USP increases bone mass and reduces the incidence of fractures, including those of the hip and spine (vertebral compression fractures). [See Clinical Studies ( 14.1 ).] 1.2 Prevention of Osteoporosis in Postmenopausal Women Alendronate sodium tablets, USP are indicated for the prevention of postmenopausal osteoporosis [see Clinical Studies ( 14.2 )]. 1.3 Treatment to Increase Bone Mass in Men with Osteoporosis Alendronate sodium tablets, USP are indicated for treatment to increase bone mass in men with osteoporosis [see Clinical Studies ( 14.3 )]. 1.4 Treatment of Glucocorticoid-Induced Osteoporosis Alendronate sodium tablets, USP are indicated for the treatment of glucocorticoid-induced osteoporosis in men and women receiving glucocorticoids in a daily dosage equivalent to 7.5 mg 

[CONTRAINDICATIONS]
4 CONTRAINDICATIONS Abnormalities of the esophagus which delay esophageal emptying such as stricture or achalasia [see Warnings and Precautions ( 4 , 5.1 )] Inability to stand/sit upright for at least 30 minutes ( 2.6 , 4 , 5.1 ) Hypocalcemia ( 4 , 5.2 ) Hypersensitivity to any component of this product ( 4 , 6.2 ) Alendronate sodium tablets are contraindicated in patients with the following conditions: Inability to stand or sit upright for at least 30 minutes [see Dosage and Administration ( 2.6 ); Warnings and Precautions ( 5.1 )] Hypocalcemia [see Warnings and Precautions ( 5.2 )] Hypersensitivity to any component of this product. Hypersensitivity reactions including urticaria and angioedema have been reported [see Adverse Reactions ( 6.2 )] .

[WARNINGS]
5 WARNINGS AND PRECAUTIONS Upper Gastrointestinal Adverse Reactions can occur. Instruct patients to follow dosing instructions. Discontinue if new or worsening symptoms occur. ( 5.1 ) Hypocalcemia can worsen and must be corrected prior to use. ( 5.2 ) Severe Bone, Joint, Muscle Pain may occur. Discontinue use if severe symptoms develop. ( 5.3 ) Osteonecrosis of the Jaw has been reported. ( 5.4 ) Atypical Femur Fractures have been reported. Patients with new thigh or groin pain should be evaluated to rule out an incomplete femoral fracture. ( 5.5 ) 5.1 Upper Gastrointestinal Adverse Reactions Alendronate sodium, like other bisphosphonates administered orally, may cause local irritation o","4 CONTRAINDICATIONS Abnormalities of the esophagus which delay esophageal emptying such as stricture or achalasia [see Warnings and Precautions ( 4 , 5.1 )] Inability to stand/sit upright for at least 30 minutes ( 2.6 , 4 , 5.1 ) Hypocalcemia ( 4 , 5.2 ) Hypersensitivity to any component of this product ( 4 , 6.2 ) Alendronate sodium tablets are contraindicated in patients with the following conditions: Inability to stand or sit upright for at least 30 minutes [see Dosage and Administration ( 2.6 ); Warnings and Precautions ( 5.1 )] Hypocalcemia [see Warnings and Precautions ( 5.2 )] Hypersensitivity to any component of this product. Hypersensitivity reactions including urticaria and angioedema have been reported [see Adverse Reactions ( 6.2 )] ."
METHOTREXATE (Drug Label),FDA-METHOTREXATE,Alembic Pharmaceuticals Inc.,"[INDICATIONS]
1 INDICATIONS AND USAGE Methotrexate tablets are a diydrofolate reductase inhibitor indicated for the: • Treatment of adults and pediatric patients with acute lymphoblastic leukemia (ALL) as part of a combination chemotherapy maintenance regimen (1.1) • Treatment of adults with mycosis fungoides (1.1) • Treatment of adults with relapsed or refractory non-Hodgkin lymphoma as part of a metronomic combination regimen (1.1) • Treatment of adults with rheumatoid arthritis (1.2) • Treatment of pediatric patients with polyarticular juvenile idiopathic arthritis (pJIA) (1.3) • Treatment of adults with severe psoriasis (1.4) 1.1 Neoplastic Diseases Methotrexate tablets are indicated for the: • treatment of adults and pediatric patients with acute lymphoblastic leukemia (ALL) as part of a combination chemotherapy maintenance regimen • treatment of adults with mycosis fungoides (cutaneous T-cell lymphoma) as a single agent or as part of a combination chemotherapy regimen • treatment of adults with relapsed or refractory non-Hodgkin lymphomas as part of a metronomic combination chemotherapy regimen 1.2 Rheumatoid Arthritis Methotrexate tablets are indicated for the treatment of adults with rheumatoid arthritis. 1.3 Polyarticular Juvenile Idiopathic Arthritis Methotrexate tablets are indicated for the treatment of pediatric patients with polyarticular Juvenile Idiopathic Arthritis (pJIA). 1.4 Psoriasis Methotrexate tablets are indicated for the treatment of adults with severe psoriasis.

[CONTRAINDICATIONS]
4 CONTRAINDICATIONS Methotrexate tablets are contraindicated in: • Pregnant women receiving methotrexate tablets for treatment of non-neoplastic diseases [see Warnings and Precautions (5.1), and Use in Specific Populations (8.1, 8.3)]. • Patients with a history of severe hypersensitivity reactions, including anaphylaxis, to methotrexate. [see Warnings and Precautions (5.2)]. • In pregnancy for non-neoplastic diseases (4) • History of severe hypersensitivity to methotrexate (4)

[WARNINGS]
5 WARNINGS AND PRECAUTIONS • Serious Infections : Monitor patients for infection during and after treatment with methotrexate. Withhold or discontinue methotrexate for serious infections as appropriate. (5.11) • Neurotoxicity : Monitor patients for neurotoxicity and withhold or discontinue methotrexate as appropriate. (5.12) • Secondary Malignancies : Can occur with methotrexate. (5.13) • Tumor Lysis Syndrome : Institute appropriate prophylactic measures in patients at risk for tumor lysis syndrome prior to initiation of methotrexate (5.14) • Immunizations and Risk Live Vaccines : Immunizations with live vaccines is not recommended. Follow current vaccination practice guidelines. (5.15) • Infertility : Can cause impairment of fertility, oligospermia, and menstrual dysfunction. (5.16, 8.3) 5.1 Embryo-Fetal Toxicity Based on published reports and its mechanism of action, methotrexate can cause fetal harm, including fetal death, when administered to a pregnant ","4 CONTRAINDICATIONS Methotrexate tablets are contraindicated in: • Pregnant women receiving methotrexate tablets for treatment of non-neoplastic diseases [see Warnings and Precautions (5.1), and Use in Specific Populations (8.1, 8.3)]. • Patients with a history of severe hypersensitivity reactions, including anaphylaxis, to methotrexate. [see Warnings and Precautions (5.2)]. • In pregnancy for non-neoplastic diseases (4) • History of severe hypersensitivity to methotrexate (4)"
Furosemide (Drug Label),FDA-FUROSEMIDE,Bryant Ranch Prepack,"[INDICATIONS]
INDICATIONS AND USAGE Edema Furosemide tablets are indicated in adults and pediatric patients for the treatment of edema associated with congestive heart failure, cirrhosis of the liver, and renal disease, including the nephrotic syndrome. Furosemide tablets are particularly useful when an agent with greater diuretic potential is desired. Hypertension Oral furosemide may be used in adults for the treatment of hypertension alone or in combination with other antihypertensive agents. Hypertensive patients who cannot be adequately controlled with thiazides will probably also not be adequately controlled with furosemide alone.

[CONTRAINDICATIONS]
CONTRAINDICATIONS Furosemide tablets are contraindicated in patients with anuria and in patients with a history of hypersensitivity to furosemide.

[DOSAGE]
DOSAGE AND ADMINISTRATION Edema Therapy should be individualized according to patient response to gain maximal therapeutic response and to determine the minimal dose needed to maintain that response. Adults: The usual initial dose of furosemide tablets is 20 to 80 mg given as a single dose. Ordinarily a prompt diuresis ensues. If needed, the same dose can be administered 6 to 8 hours later or the dose may be increased. The dose may be raised by 20 or 40 mg and given not sooner than 6 to 8 hours after the previous dose until the desired diuretic effect has been obtained. The individually determined single dose should then be given once or twice daily (e.g., at 8 am and 2 pm). The dose of furosemide tablets may be carefully titrated up to 600 mg/day in patients with clinically severe edematous states. Edema may be most efficiently and safely mobilized by giving furosemide tablets on 2 to 4 consecutive days each week. When doses exceeding 80 mg/day are given for prolonged periods, careful clinical observation and laboratory monitoring are particularly advisable (see PRECAUTIONS: Laboratory Tests ). Geriatric Patients: In general, dose selection for the elderly patient should be cautious, usually starting at the low end of the dosing range (see PRECAUTIONS: Geriatric Use ). Pediatric Patients: The usual initial dose of oral furosemide in pediatric patients is 2 mg/kg body weight, given as a single dose. If the diuretic response is not satisfactory after the initial dose, dosage m

[ADVERSE REACTIONS]
ADVERSE REACTIONS Adverse reactions are categorized below by organ system and listed by decreasing severity. Gastrointestinal System Reactions 1. hepatic encephalopathy in patients with hepatocellular insufficiency 2. pancreatitis 3. jaundice (intrahepatic cholestatic jaundice) 4. increased liver enzymes 5. anorexia 6. oral and gastric irritation 7. cramping 8. diarrhea 9. constipation 10. nausea 11. vomiting Systemic Hypersensitivity Reactions 1. severe anaphylactic or anaphylactoid reactions (e.g., with shock) 2. systemic vasculitis 3. interstitial nephritis 4. necrotizing angiitis Central Nervous System Reactions 1. tinnitus and hearing loss 2. ",CONTRAINDICATIONS Furosemide tablets are contraindicated in patients with anuria and in patients with a history of hypersensitivity to furosemide.
Levetiracetam (Drug Label),FDA-LEVETIRACETAM,A-S Medication Solutions,"[INDICATIONS]
1 INDICATIONS AND USAGE Levetiracetam is indicated for the treatment of partial-onset seizures in patients 1 month of age and older (1.1) Levetiracetam is indicated for adjunctive therapy for the treatment of: Myoclonic seizures in patients 12 years of age and older with juvenile myoclonic epilepsy (1.2) Primary generalized tonic-clonic seizures in patients 6 years of age and older with idiopathic generalized epilepsy (1.3) 1.1 Partial-Onset Seizures Levetiracetam tablets are indicated for the treatment of partial-onset seizures in patients 1 month of age and older. 1.2 Myoclonic Seizures in Patients with Juvenile Myoclonic Epilepsy Levetiracetam tablets are indicated as adjunctive therapy for the treatment of myoclonic seizures in patients 12 years of age and older with juvenile myoclonic epilepsy. 1.3 Primary Generalized Tonic-Clonic Seizures Levetiracetam tablets are indicated as adjunctive therapy for the treatment of primary generalized tonic-clonic seizures in patients 6 years of age and older with idiopathic generalized epilepsy.

[CONTRAINDICATIONS]
4 CONTRAINDICATIONS Levetiracetam tablets are contraindicated in patients with a hypersensitivity to levetiracetam. Reactions have included anaphylaxis and angioedema [see Warnings and Precautions (5.4) ]. Known hypersensitivity to levetiracetam; angioedema and anaphylaxis have occurred ( 4 , 5.4 )

[WARNINGS]
5 WARNINGS AND PRECAUTIONS Behavioral abnormalities including psychotic symptoms, suicidal ideation, irritability, and aggressive behavior have been observed; monitor patients for psychiatric signs and symptoms (5.1) Suicidal Behavior and Ideation: Monitor patients for new or worsening depression, suicidal thoughts/behavior, and/or unusual changes in mood or behavior (5.2) Monitor for somnolence and fatigue and advise patients not to drive or operate machinery until they have gained sufficient experience on levetiracetam (5.3) Serious Dermatological Reactions: Discontinue levetiracetam at the first sign of rash unless clearly not drug related ( 5.5 ) Drug Reaction with Eosinophilia and Systemic Symptoms (DRESS)/Multiorgan Hypersensitivity: Discontinue if no alternative etiology ( 5.6 ) Coordination Difficulties: Monitor for ataxia, abnormal gait, and incoordination. Advise patients to not drive or operate machinery until they have gained experience on levetiracetam ( 5.7 ) Withdrawal Seizures: Levetiracetam must be gradually withdrawn ( 5.8 ) 5.1 Behavioral Abnormalities and Psychotic Symptoms Levetiracetam may cause behavioral abnormalities and psychotic symptoms. Patients treated with levetiracetam should be monitored for psychiatric signs and symptoms. Behavioral abnormalities In clinical studies, 13% of adult levetiracetam-treated patients and 38% of pediatric levetiracetam-treated patients (4 to 16 years of age) compared to 6% and 19% of adult and pediatric placebo-treat

[DOSAGE]
2 DOSAGE AND ADMINISTRATION Use the oral solution for pediatric patients with body weight","4 CONTRAINDICATIONS Levetiracetam tablets are contraindicated in patients with a hypersensitivity to levetiracetam. Reactions have included anaphylaxis and angioedema [see Warnings and Precautions (5.4) ]. Known hypersensitivity to levetiracetam; angioedema and anaphylaxis have occurred ( 4 , 5.4 )"
HYDROXYCHLOROQUINE SULFATE (Drug Label),FDA-HYDROXYCHLOROQUINE,Creekwood Pharmaceuticals LLC,"[INDICATIONS]
1 INDICATIONS AND USAGE Hydroxychloroquine sulfate tablets are an antimalarial and antirheumatic indicated for the: Treatment of uncomplicated malaria due to Plasmodium falciparum, Plasmodium malariae, Plasmodium ovale, and Plasmodium vivax in adult and pediatric patients. ( 1.1 ) Prophylaxis of malaria in geographic areas where chloroquine resistance is not reported in adult and pediatric patients. ( 1.1 ) Treatment of rheumatoid arthritis in adults. ( 1.2 ) Treatment of systemic lupus erythematosus in adults. ( 1.3 ) Treatment of chronic discoid lupus erythematosus in adults. ( 1.4 ) Limitations of Use ( 1.1 ): Hydroxychloroquine sulfate tablets are not recommended for the: Treatment of complicated malaria. Treatment of chloroquine or hydroxychloroquine-resistant strains of Plasmodium species. Treatment of malaria acquired in geographic areas where chloroquine resistance occurs or when the Plasmodium species has not been identified. Prophylaxis of malaria in geographic areas where chloroquine resistance occurs. Prevention of relapses of P. vivax or P. ovale because it is not active against the hypnozoite liver stage forms of these parasites. For radical cure of P. vivax and P. ovale infections, concomitant therapy with an 8-aminoquinoline drug is necessary. 1.1 Malaria Hydroxychloroquine sulfate tablets are indicated in adult and pediatric patient for the: Treatment of uncomplicated malaria due to Plasmodium falciparum, Plasmodium malariae, Plasmodium vivax, and Plasmodium 

[CONTRAINDICATIONS]
4 CONTRAINDICATIONS Hydroxychloroquine sulfate tablets are contraindicated in patients with known hypersensitivity to 4-aminoquinoline compounds. Patients with hypersensitivity to 4-aminoquinoline compounds ( 4 )

[WARNINGS]
5 WARNINGS AND PRECAUTIONS Cardiomyopathy and Ventricular Arrhythmias : Fatal or life-threatening cardiomyopathy and ventricular arrhythmias were reported. ( 5.1 ) Retinal Toxicity : Irreversible retinal damage is related to cumulative dosage and treatment duration. Baseline retinal exam and exams during treatment are recommended. ( 5.2 ) Serious Skin Reactions : Stevens Johnson syndrome, toxic epidermal necrolysis, drug reaction with eosinophilia and systemic symptoms, acute generalized exanthematous pustulosis have been reported. ( 5.3 ) Worsening of Psoriasis : Avoid in patients with psoriasis. ( 5.4 ) Risks Associated with Use in Porphyria : Avoid in patients with porphyria. Hepatotoxicity was reported in patients with porphyria cutanea tarda ( 5.5 ). Hematologic Toxicity : Discontinue if myelosuppression occurs. ( 5.6 ) Renal Toxicity : Consider phospholipidosis as a possible cause of renal injury in patients with underlying connective tissue disorders. Discontinue hydroxychloroquine sulfate tablets if renal toxicity is suspected or demonstrated by tissue biopsy in any organ system. ( 5.1 , 5.8 , 5.11 ) 5.1 Cardiomypathy and Ventricular Arrhythmias Fatal and life-threatening cases of cardiotoxicity, including cardi",4 CONTRAINDICATIONS Hydroxychloroquine sulfate tablets are contraindicated in patients with known hypersensitivity to 4-aminoquinoline compounds. Patients with hypersensitivity to 4-aminoquinoline compounds ( 4 )
Low Dose Aspirin (Drug Label),FDA-ASPIRIN,"P & L Development, LLC","[INDICATIONS]
Uses for the temporary relief of minor aches and pains or as recommended by your doctor. Because of its delayed action, this product will not provide fast relief of headaches or other symptoms needing immediate relief. ask your doctor about other uses for safety coated 81 mg aspirin

[DOSAGE]
Directions drink a full glass of water with each dose adults and children 12 years and over: take 4 to 8 tablets every 4 hours not to exceed 48 tablets in 24 hours unless directed by a doctor children under 12 years: consult a doctor",See full label.
Tiotropium Bromide (Drug Label),FDA-TIOTROPIUM,"Lupin Pharmaceuticals, Inc.","[INDICATIONS]
1 INDICATIONS AND USAGE Tiotropium bromide inhalation powder is indicated for the long-term, once-daily, maintenance treatment of bronchospasm associated with chronic obstructive pulmonary disease (COPD), including chronic bronchitis and emphysema. Tiotropium bromide inhalation powder is indicated to reduce exacerbations in COPD patients. Tiotropium bromide inhalation powder is an anticholinergic indicated for the long-term, once-daily, maintenance treatment of bronchospasm associated with chronic obstructive pulmonary disease (COPD), and for reducing COPD exacerbations ( 1 )

[CONTRAINDICATIONS]
4 CONTRAINDICATIONS Tiotropium bromide inhalation powder is contraindicated in patients with a hypersensitivity to tiotropium, ipratropium, or any components of this product [see Warnings and Precautions ( 5.2 )] . In clinical trials and postmarketing experience with tiotropium bromide inhalation powder, immediate hypersensitivity reactions, including angioedema (including swelling of the lips, tongue, or throat), itching, or rash have been reported [see Warnings and Precautions ( 5.2 )] . Hypersensitivity to tiotropium, ipratropium, or any components of tiotropium bromide inhalation powder capsules ( 4 )

[WARNINGS]
5 WARNINGS AND PRECAUTIONS Not for acute use: Not a rescue medication ( 5.1 ) Immediate hypersensitivity reactions: Discontinue tiotropium bromide inhalation powder at once and consider alternatives if immediate hypersensitivity reactions, including angioedema, urticaria, rash, bronchospasm, or anaphylaxis, occur. Use with caution in patients with severe hypersensitivity to milk proteins. ( 5.2 ) Paradoxical bronchospasm: Discontinue tiotropium bromide inhalation powder and consider other treatments if paradoxical bronchospasm occurs ( 5.3 ) Worsening of narrow-angle glaucoma may occur. Use with caution in patients with narrow-angle glaucoma and instruct patients to consult a physician immediately if this occurs. ( 5.4 ) Worsening of urinary retention may occur. Use with caution in patients with prostatic hyperplasia or bladder-neck obstruction and instruct patients to consult a physician immediately if this occurs. ( 5.5 ) 5.1 Not for Acute Use Tiotropium bromide inhalation powder is intended as a once-daily maintenance treatment for COPD and should not be used for relief of acute symptoms, i.e., as rescue therapy for the treatment of acute episodes of bronchospasm. 5.2 Immediate Hypersensitivity Reactions Immediate hypersensitivity reactions, including urticaria, angioedema (including swelling of the lips, tongue, or throat), rash, bronchospasm, anaphylaxis, or itching, may occur after administration of tiotropium bromide inhalation powder. If such a reaction occurs, therap

[DOSAGE]
2 DOSAGE AND ADMINISTRATION For oral inhalation only. Do not swallow tiotropium bromide inhalation powder capsules, as the intended effects on the lungs will not be obtained. The contents of the tiotropium bromide inhalation powder capsules shoul","4 CONTRAINDICATIONS Tiotropium bromide inhalation powder is contraindicated in patients with a hypersensitivity to tiotropium, ipratropium, or any components of this product [see Warnings and Precautions ( 5.2 )] . In clinical trials and postmarketing experience with tiotropium bromide inhalation powder, immediate hypersensitivity reactions, including angioedema (including swelling of the lips, tongue, or throat), itching, or rash have been reported [see Warnings and Precautions ( 5.2 )] . Hypersensitivity to tiotropium, ipratropium, or any components of tiotropium bromide inhalation powder capsules ( 4 )"
Cathflo Activase (Drug Label),FDA-ALTEPLASE,"Genentech, Inc.","[INDICATIONS]
INDICATIONS AND USAGE Cathflo ® Activase ® (Alteplase) is indicated for the restoration of function to central venous access devices as assessed by the ability to withdraw blood.

[CONTRAINDICATIONS]
CONTRAINDICATIONS Cathflo Activase should not be administered to patients with known hypersensitivity to Alteplase or any component of the formulation (see DESCRIPTION ).

[DOSAGE]
DOSAGE AND ADMINISTRATION Cathflo ® Activase ® (Alteplase) is for instillation into the dysfunctional catheter at a concentration of 1 mg/mL. • Patients weighing ≥30 kg: 2 mg in 2 mL • Patients weighing <30 kg: 110% of the internal lumen volume of the catheter, not to exceed 2 mg in 2 mL If catheter function is not restored at 120 minutes after 1 dose of Cathflo Activase, a second dose may be instilled (see Instructions for Administration ). There is no efficacy or safety information on dosing in excess of 2 mg per dose for this indication. Studies have not been performed with administration of total doses greater than 4 mg (two 2‑mg doses). Instructions for Administration Preparation of Solution Reconstitute Cathflo Activase to a final concentration of 1 mg/mL: Aseptically withdraw 2.2 mL of Sterile Water for Injection, USP (diluent is not provided). Do not use Bacteriostatic Water for Injection. Inject the 2.2 mL of Sterile Water for Injection, USP, into the Cathflo Activase vial, directing the diluent stream into the powder. Slight foaming is not unusual; let the vial stand undisturbed to allow large bubbles to dissipate. Mix by gently swirling until the contents are completely dissolved. Complete dissolution should occur within 3 minutes. DO NOT SHAKE. The reconstituted preparation results in a colorless to pale yellow transparent solution containing 1 mg/mL Cathflo Activase at a pH of approximately 7.3. Cathflo Activase contains no antibacterial preservatives and should 

[ADVERSE REACTIONS]
ADVERSE REACTIONS The following adverse reactions are discussed in greater detail in Section PRECAUTIONS of the label: Bleeding Hypersensitivity In the clinical trials, the most serious adverse events reported after treatment were sepsis (see PRECAUTIONS, Infections ), gastrointestinal bleeding, and venous thrombosis. Because clinical trials are conducted under widely varying conditions, adverse reaction rates observed in the clinical trials of a drug cannot be directly compared to rates in the clinical trials of another drug and may not reflect the rates observed in practice. Trials 1 and 2 The data described for Trials 1 and 2 reflect exposure to Cathflo Activase in 1122 patients, of whom 880 received a single dose and 242 received two sequential doses of Cathflo Activase. In the Cathflo Activase Trials 1 and 2, only limited, focused types of serious adverse events were recorded, including death, major hemorrhage, intracranial hemorrhage, pulmonary or arterial emboli, and other serious adverse events not thought to be attributed to underlying disease or concurrent ",CONTRAINDICATIONS Cathflo Activase should not be administered to patients with known hypersensitivity to Alteplase or any component of the formulation (see DESCRIPTION ).
doxycycline (Drug Label),FDA-DOXYCYCLINE,ST. MARY'S MEDICAL PARK PHARMACY,"[INDICATIONS]
INDICATIONS AND USAGE To reduce the development of drug-resistant bacteria and maintain effectiveness of doxycycline and other antibacterial drugs, doxycycline should be used only to treat or prevent infections that are proven or strongly suspected to be caused by susceptible bacteria. When culture and susceptibility information are available, they should be considered in selecting or modifying antibacterial therapy. In the absence of such data, local epidemiology and susceptibility patterns may contribute to the empiric selection of therapy. Treatment: Doxycycline is indicated for the treatment of the following infections: Rocky Mountain spotted fever, typhus fever and the typhus group, Q fever, rickettsialpox, and tick fevers caused by Rickettsiae. Respiratory tract infections caused by Mycoplasma pneumoniae . Lymphogranuloma venereum caused by Chlamydia trachomatis . Psittacosis (ornithosis) caused by Chlamydophila psittaci . Trachoma caused by Chlamydia trachomatis , although the infectious agent is not always eliminated, as judged by immunofluorescence. Inclusion conjunctivitis caused by Chlamydia trachomatis . Uncomplicated urethral, endocervical, or rectal infections in adults caused by Chlamydia trachomatis . Nongonococcal urethritis caused by Ureaplasma urealyticum . Relapsing fever due to Borrelia recurrentis . Doxycycline is also indicated for the treatment of infections caused by the following gram-negative microorganisms: Chancroid caused by Haemophilus ducreyi .

[CONTRAINDICATIONS]
CONTRAINDICATIONS This drug is contraindicated in persons who have shown hypersensitivity to any of the tetracyclines.

[DOSAGE]
DOSAGE AND ADMINISTRATION The usual dosage and frequency of administration of doxycycline differs from that of the other tetracyclines. Exceeding the recommended dosage may result in an increased incidence of side effects. Adults: The usual dose of oral doxycycline is 200 mg on the first day of treatment (administered 100 mg every 12 hours) followed by a maintenance dose of 100 mg/day. In the management of more severe infections (particularly chronic infections of the urinary tract), 100 mg every 12 hours is recommended. Pediatric Patients: For all pediatric patients weighing less than 45 kg with severe or life-threatening infections (e.g., anthrax, Rocky Mountain spotted fever), the recommended dosage is 2.2 mg/kg of body weight administered every 12 hours. Children weighing 45 kg or more should receive the adult dose. (See WARNINGS and PRECAUTIONS .) For pediatric patients with less severe disease (greater than 8 years of age and weighing less than 45 kg), the recommended dosage schedule is 4.4 mg/kg of body weight divided into two doses on the first day of treatment, followed by a maintenance dose of 2.2 mg/kg of body weight (given as a single daily dose or divided into twice daily doses). For pediatric patients weighing over 45 kg, the usual adult dose should be used. The therapeutic antibacterial serum activi",CONTRAINDICATIONS This drug is contraindicated in persons who have shown hypersensitivity to any of the tetracyclines.
ciprofloxacin (Drug Label),FDA-CIPROFLOXACIN,Proficient Rx LP,"[INDICATIONS]
INDICATIONS AND USAGE Ciprofloxacin Ophthalmic Solution is indicated for the treatment of infections caused by susceptible strains of the designated microorganisms in the conditions listed below: Corneal Ulcers: Pseudomonas aeruginosa Serratia marcescens * Staphylococcus aureus Staphylococcus epidermidis Streptococcus pneumoniae Streptococcus (Viridans Group) * Conjunctivitis: Haemophilus influenzae Staphylococcus aureus Staphylococcus epidermidis Streptococcus pneumoniae *Efficacy for this organism was studied in fewer than 10 infections.

[CONTRAINDICATIONS]
CONTRAINDICATIONS A history of hypersensitivity to ciprofloxacin or any other component of the medication is a contraindication to its use. A history of hypersensitivity to other quinolones may also contraindicate the use of ciprofloxacin.

[WARNINGS]
WARNINGS NOT FOR INJECTION INTO THE EYE. Serious and occasionally fatal hypersensitivity (anaphylactic) reactions, some following the first dose, have been reported in patients receiving systemic quinolone therapy. Some reactions were accompanied by cardiovascular collapse, loss of consciousness, tingling, pharyngeal or facial edema, dyspnea, urticaria, and itching. Only a few patients had a history of hypersensitivity reactions. Serious anaphylactic reactions require immediate emergency treatment with epinephrine and other resuscitation measures, including oxygen, intravenous fluids, intravenous antihistamines, corticosteroids, pressor amines and airway management, as clinically indicated. Remove contact lenses before using.

[DOSAGE]
DOSAGE AND ADMINISTRATION Corneal Ulcers: The recommended dosage regimen for the treatment of corneal ulcers is two drops into the affected eye every 15 minutes for the first six hours and then two drops into the affected eye every 30 minutes for the remainder of the first day. On the second day, instill two drops in the affected eye hourly. On the third through the fourteenth day, place two drops in the affected eye every four hours. Treatment may be continued after 14 days if corneal re-epithelialisation has not occurred. Bacterial Conjunctivitis: The recommended dosage regimen for the treatment of bacterial conjunctivitis is one or two drops instilled into the conjunctival sac(s) every two hours while awake for two days and one or two drops every four hours while awake for the next five days.

[ADVERSE REACTIONS]
ADVERSE REACTIONS The most frequently reported drug related adverse reaction was local burning or discomfort. In corneal ulcer studies with frequent administration of the drug, white crystalline precipitates were seen in approximately 17% of patients ( see Precautions ). Other reactions occurring in less than 10% of patients included lid margin crusting, crystals/scales, foreign body sensation, itching, conjunctival hyperemia and a bad taste following instillation. Additional events occurring in less than 1% of patients included corneal staining, keratopathy/keratitis, allergic reaction",CONTRAINDICATIONS A history of hypersensitivity to ciprofloxacin or any other component of the medication is a contraindication to its use. A history of hypersensitivity to other quinolones may also contraindicate the use of ciprofloxacin.
PredniSONE (Drug Label),FDA-PREDNISONE,A-S Medication Solutions,"[INDICATIONS]
INDICATIONS Prednisone tablets are indicated in the following conditions: 1. Endocrine Disorders Primary or secondary adrenocortical insufficiency (hydrocortisone or cortisone is the first choice; synthetic analogs may be used in conjunction with mineralocorticoids where applicable; in infancy mineralocorticoid supplementation is of particular importance) Congenital adrenal hyperplasia Hypercalcemia associated with cancer Nonsuppurative thyroiditis 2. Rheumatic Disorders As adjunctive therapy for short-term administration (to tide the patient over an acute episode or exacerbation) in: Psoriatic arthritis Rheumatoid arthritis, including juvenile rheumatoid arthritis (selected cases may require low-dose maintenance therapy) Ankylosing spondylitis Acute and subacute bursitis Acute nonspecific tenosynovitis Acute gouty arthritis Post-traumatic osteoarthritis Synovitis of osteoarthritis Epicondylitis 3. Collagen Diseases During an exacerbation or as maintenance therapy in selected cases of: Systemic lupus erythematosus Systemic dermatomyositis (polymyositis) Acute rheumatic carditis 4. Dermatologic Diseases Pemphigus Bullous dermatitis herpetiformis Severe erythema multiforme (Stevens-Johnson syndrome) Exfoliative dermatitis Mycosis fungoides Severe psoriasis Severe seborrheic dermatitis 5. Allergic States Control of severe or incapacitating allergic conditions intractable to adequate trials of conventional treatment: Seasonal or perennial allergic rhinitis Bronchial asthma Contac

[CONTRAINDICATIONS]
CONTRAINDICATIONS Systemic fungal infections and known hypersensitivity to components.

[DOSAGE]
DOSAGE AND ADMINISTRATION The initial dosage of prednisone may vary from 5 mg to 60 mg of prednisone per day depending on the specific disease entity being treated. In situations of less severity lower doses will generally suffice while in selected patients higher initial doses may be required. The initial dosage should be maintained or adjusted until a satisfactory response is noted. If after a reasonable period of time there is a lack of satisfactory clinical response, prednisone should be discontinued and the patient transferred to other appropriate therapy. IT SHOULD BE EMPHASIZED THAT DOSAGE REQUIREMENTS ARE VARIABLE AND MUST BE INDIVIDUALIZED ON THE BASIS OF THE DISEASE UNDER TREATMENT AND THE RESPONSE OF THE PATIENT . After a favorable response is noted, the proper maintenance dosage should be determined by decreasing the initial drug dosage in small decrements at appropriate time intervals until the lowest dosage which will maintain an adequate clinical response is reached. It should be kept in mind that constant monitoring is needed in regard to drug dosage. Included in the situations which may make dosage adjustments necessary are changes in clinical status secondary to remissions or exacerbations in the disease process, the patient’s individual drug responsiveness, and the effect of patient exposure to stressful situations not directl",CONTRAINDICATIONS Systemic fungal infections and known hypersensitivity to components.
Levothyroxine sodium (Drug Label),FDA-LEVOTHYROXINE,A-S Medication Solutions,"[INDICATIONS]
1 INDICATIONS AND USAGE Hypothyroidism Levothyroxine sodium tablets are indicated in adult and pediatric patients, including neonates, as a replacement therapy in primary (thyroidal), secondary (pituitary), and tertiary (hypothalamic) congenital or acquired hypothyroidism. Pituitary Thyrotropin (Thyroid‑Stimulating Hormone, TSH) Suppression Levothyroxine sodium tablets are indicated in adult and pediatric patients, including neonates, as an adjunct to surgery and radioiodine therapy in the management of thyrotropin-dependent well-differentiated thyroid cancer. Limitations of Use Levothyroxine sodium tablets are not indicated for suppression of benign thyroid nodules and nontoxic diffuse goiter in iodine-sufficient patients as there are no clinical benefits and overtreatment with levothyroxine sodium may induce hyperthyroidism [see Warnings and Precautions (5.1) ]. Levothyroxine sodium tablets are not indicated for treatment of hypothyroidism during the recovery phase of subacute thyroiditis. Levothyroxine sodium tablets are a L-thyroxine (T4) indicated in adult and pediatric patients, including neonates, for: Hypothyroidism: As replacement therapy in primary (thyroidal), secondary (pituitary), and tertiary (hypothalamic) congenital or acquired hypothyroidism. (1) Pituitary Thyrotropin (Thyroid‑Stimulating Hormone, TSH) Suppression: As an adjunct to surgery and radioiodine therapy in the management of thyrotropin-dependent well-differentiated thyroid cancer. (1) Limitations of

[CONTRAINDICATIONS]
4 CONTRAINDICATIONS Levothyroxine sodium tablets are contraindicated in patients with uncorrected adrenal insufficiency [see Warnings and Precautions (5.4) ]. Uncorrected adrenal insufficiency. (4)

[WARNINGS]
5 WARNINGS AND PRECAUTIONS Serious risks related to overtreatment or undertreatment with levothyroxine sodium tablets: Titrate the dose of levothyroxine sodium carefully and monitor response to titration. (5.1) Cardiac adverse reactions in the elderly and in patients with underlying cardiovascular disease: Initiate levothyroxine sodium at less than the full replacement dose because of the increased risk of cardiac adverse reactions, including atrial fibrillation. (2.3 , 5.2 , 8.5) Myxedema coma: Do not use oral thyroid hormone drug products to treat myxedema coma. (5.3) Acute adrenal crisis in patients with concomitant adrenal insufficiency: Treat with replacement glucocorticoids prior to initiation of levothyroxine sodium treatment. (5.4) Worsening of diabetic control: Therapy in patients with diabetes mellitus may worsen glycemic control and result in increased antidiabetic agent or insulin requirements. Carefully monitor glycemic control after starting, changing, or discontinuing thyroid hormone therapy. (5.5) Decreased bone mineral density associated with thyroid hormone over-replacement: Over-replacement can increase bone resorption and decrease bone mineral density. Give the lowest effective dose. (5.6) 5.1 Serious Risks Related",4 CONTRAINDICATIONS Levothyroxine sodium tablets are contraindicated in patients with uncorrected adrenal insufficiency [see Warnings and Precautions (5.4) ]. Uncorrected adrenal insufficiency. (4)
Amlodipine Besylate (Drug Label),FDA-AMLODIPINE,"Lupin Pharmaceuticals, Inc.","[INDICATIONS]
1 INDICATIONS AND USAGE Amlodipine besylate tablets are calcium channel blocker and may be used alone or in combination with other antihypertensive and antianginal agents for the treatment of: •Hypertension ( 1.1 ) о Amlodipine besylate tablets are indicated for the treatment of hypertension, to lower blood pressure. Lowering blood pressure reduces the risk of fatal and nonfatal cardiovascular events, primarily strokes and myocardial infarctions. •Coronary Artery Disease ( 1.2 ) о Chronic Stable Angina о Vasospastic Angina (Prinzmetal's or Variant Angina) о Angiographically Documented Coronary Artery Disease in patients without heart failure or an ejection fraction < 40% 1.1 Hypertension Amlodipine besylate tablets are indicated for the treatment of hypertension, to lower blood pressure. Lowering blood pressure reduces the risk of fatal and nonfatal cardiovascular events, primarily strokes and myocardial infarctions. These benefits have been seen in controlled trials of antihypertensive drugs from a wide variety of pharmacologic classes including amlodipine besylate. Control of high blood pressure should be part of comprehensive cardiovascular risk management, including, as appropriate, lipid control, diabetes management, antithrombotic therapy, smoking cessation, exercise, and limited sodium intake. Many patients will require more than one drug to achieve blood pressure goals. For specific advice on goals and management, see published guidelines, such as those of the Nationa

[CONTRAINDICATIONS]
4 CONTRAINDICATIONS Known sensitivity to amlodipine ( 4 ) Amlodipine besylate tablets are contraindicated in patients with known sensitivity to amlodipine.

[WARNINGS]
5 WARNINGS AND PRECAUTIONS Symptomatic hypotension is possible, particularly in patients with severe aortic stenosis. However, acute hypotension is unlikely. ( 5.1 ) Worsening angina and acute myocardial infarction can develop after starting or increasing the dose of amlodipine, particularly in patients with severe obstructive coronary artery disease. ( 5.2 ) Titrate slowly in patients with severe hepatic impairment. ( 5.3 ) 5.1 Hypotension Symptomatic hypotension is possible, particularly in patients with severe aortic stenosis. Because of the gradual onset of action, acute hypotension is unlikely. 5.2 Increased Angina or Myocardial Infarction Worsening angina and acute myocardial infarction can develop after starting or increasing the dose of amlodipine, particularly in patients with severe obstructive coronary artery disease. 5.3 Patients with Hepatic Failure Because amlodipine besylate is extensively metabolized by the liver and the plasma elimination half-life (t 1/2 ) is 56 hours in patients with impaired hepatic function, titrate slowly when administering amlodipine besylate to patients with severe hepatic impairment.

[DOSAGE]
2 DOSAGE AND ADMINISTRATION •Adult recommended starting dose: 5 mg once daily with maximum dose 10 mg once daily. ( 2.1 ) о Small, fragile, or ",4 CONTRAINDICATIONS Known sensitivity to amlodipine ( 4 ) Amlodipine besylate tablets are contraindicated in patients with known sensitivity to amlodipine.
Ramipril (Drug Label),FDA-RAMIPRIL,Proficient Rx LP,"[INDICATIONS]
1. INDICATIONS AND USAGE • Ramipril capsules USP are indicated for the treatment of hypertension. It may be used alone or in combination with thiazide diuretics. ( 1.1 ). • Ramipril capsules USP are indicated in stable patients who have demonstrated clinical signs of congestive heart failure post-myocardial infarction ( 1.3 ). 1.1 Hypertension Ramipril capsules USP are indicated for the treatment of hypertension. It may be used alone or in combination with thiazide diuretics. 1.3 Heart Failure Post-Myocardial Infarction Ramipril capsules USP are indicated in stable patients who have demonstrated clinical signs of congestive heart failure within the first few days after sustaining acute myocardial infarction. Administration of ramipril to such patients has been shown to decrease the risk of death (principally cardiovascular death) and to decrease the risks of failure-related hospitalization and progression to severe/resistant heart failure [see CLINICAL STUDIES ( 14.3 ) ].

[CONTRAINDICATIONS]
4. CONTRAINDICATIONS Angioedema related to previous treatment with an ACE inhibitor, or a history of hereditary or idiopathic angioedema.( 4 ). Ramipril is contraindicated in patients who are hypersensitive to this product or any other ACE inhibitor (e.g., a patient who has experienced angioedema during therapy with any other ACE inhibitor).

[WARNINGS]
5. WARNINGS AND PRECAUTIONS ACE inhibitor use has been associated with the following: • Angioedema, with increased risk in patients with a prior history ( 5.1 ) • Hypotension and hyperkalemia ( 5.5 , 5.8 ) • Renal impairment: monitor renal function during therapy ( 5.3 ) • Increased risk of renal impairment when combined with another blocker of the renin-angiotensin-aldosterone system ( 5.7 ) • Rare cholestatic jaundice and hepatic failure ( 5.2 ) • Rare neutropenia and agranulocytosis ( 5.4 ) 5.1 Anaphylactoid and Possibly Related Reactions Presumably because drugs that act directly on the renin-angiotensin-aldosterone system (e.g., ACE inhibitors) affect the metabolism of eicosanoids and polypeptides, including endogenous bradykinin, patients receiving these drugs (including ramipril) may be subject to a variety of adverse reactions, some of them serious. Angioedema Head and Neck Angioedema: Patients with a history of angioedema unrelated to ACE inhibitor therapy may be at increased risk of angioedema while receiving an ACE inhibitor. Angioedema of the face, extremities, lips, tongue, glottis, and larynx has been reported in patients treated with ACE inhibitors. Angioedema associated with laryngeal edema can be fatal. If laryngeal stridor or angioedema of the face, tongue, or glottis occurs, discontinue treatment with ramipril and institute appropriate therapy immediately. Where there is involvement of the tongue, glottis, or larynx likely to cause airway obstruction, admin

[DOSAGE]
2. DOSAGE AND ADMINISTRATION • Hypertension: Initial dose is 2.5 mg to 20 mg once daily. Adjust dosage accordin","4. CONTRAINDICATIONS Angioedema related to previous treatment with an ACE inhibitor, or a history of hereditary or idiopathic angioedema.( 4 ). Ramipril is contraindicated in patients who are hypersensitive to this product or any other ACE inhibitor (e.g., a patient who has experienced angioedema during therapy with any other ACE inhibitor)."
Clopidogrel (Drug Label),FDA-CLOPIDOGREL,Aurobindo Pharma Limited,"[INDICATIONS]
1 INDICATIONS AND USAGE Clopidogrel tablets are a P2Y 12 platelet inhibitor indicated for: Acute coronary syndrome – For patients with non–ST-segment elevation ACS (unstable angina [UA]/non–ST-elevation myocardial infarction [NSTEMI]), clopidogrel tablets have been shown to reduce the rate of myocardial infarction (MI) and stroke. (1.1) – For patients with ST-elevation myocardial infarction (STEMI), clopidogrel tablets have been shown to reduce the rate of MI and stroke. (1.1) Recent MI, recent stroke, or established peripheral arterial disease. Clopidogrel tablets have been shown to reduce the rate of MI and stroke. (1.2) 1.1 Acute Coronary Syndrome (ACS) Clopidogrel tablets are indicated to reduce the rate of myocardial infarction (MI) and stroke in patients with non–ST-segment elevation ACS (unstable angina [UA]/non–ST-elevation myocardial infarction [NSTEMI]), including patients who are to be managed medically and those who are to be managed with coronary revascularization. Clopidogrel tablets should be administered in conjunction with aspirin. Clopidogrel tablets are indicated to reduce the rate of myocardial infarction and stroke in patients with acute ST-elevation myocardial infarction (STEMI) who are to be managed medically. Clopidogrel tablets should be administered in conjunction with aspirin. 1.2 Recent MI, Recent Stroke, or Established Peripheral Arterial Disease In patients with established peripheral arterial disease or with a history of recent myocardial infarc

[CONTRAINDICATIONS]
4 CONTRAINDICATIONS Active pathological bleeding, such as peptic ulcer or intracranial hemorrhage (4.1) Hypersensitivity to clopidogrel or any component of the product (4.2) 4.1 Active Bleeding Clopidogrel tablets are contraindicated in patients with active pathological bleeding such as peptic ulcer or intracranial hemorrhage. 4.2 Hypersensitivity Clopidogrel tablets are contraindicated in patients with hypersensitivity (e.g., anaphylaxis) to clopidogrel or any component of the product [see Adverse Reactions (6.2) ] .

[WARNINGS]
5 WARNINGS AND PRECAUTIONS CYP2C19 inhibitors: Avoid concomitant use of omeprazole or esomeprazole. (5.1) Bleeding: Clopidogrel increases risk of bleeding. (5.2) Discontinuation: Premature discontinuation increases risk of cardiovascular events. Discontinue 5 days prior to elective surgery that has a major risk of bleeding. ( 5.3 ) Thrombotic thrombocytopenic purpura (TTP) has been reported. ( 5.4 ) Cross-reactivity among thienopyridines has been reported. ( 5.5 ) 5.1 Diminished Antiplatelet Activity in Patients with Impaired CYP2C19 Function Clopidogrel is a prodrug. Inhibition of platelet aggregation by clopidogrel is achieved through an active metabolite. The metabolism of clopidogrel to its active metabolite can be impaired by genetic variations in CYP2C19 [see Boxed Warning ] . The metabolism of clopidogrel can also be impaired by drugs that inhibit CYP2C19, such as omeprazole or esomeprazole. Avoid concomitan","4 CONTRAINDICATIONS Active pathological bleeding, such as peptic ulcer or intracranial hemorrhage (4.1) Hypersensitivity to clopidogrel or any component of the product (4.2) 4.1 Active Bleeding Clopidogrel tablets are contraindicated in patients with active pathological bleeding such as peptic ulcer or intracranial hemorrhage. 4.2 Hypersensitivity Clopidogrel tablets are contraindicated in patients with hypersensitivity (e.g., anaphylaxis) to clopidogrel or any component of the product [see Adverse Reactions (6.2) ] ."
INSULIN GLARGINE (Drug Label),FDA-INSULIN-GLARGINE,"Civica, Inc.","[INDICATIONS]
1 INDICATIONS AND USAGE Insulin Glargine-yfgn is indicated to improve glycemic control in adult and pediatric patients with diabetes mellitus. Limitations of Use Insulin Glargine-yfgn is not recommended for the treatment of diabetic ketoacidosis. Insulin Glargine-yfgn is a long-acting human insulin analog indicated to improve glycemic control in adult and pediatric patients with diabetes mellitus. ( 1 ) Limitations of Use Not recommended for the treatment of diabetic ketoacidosis. ( 1 )

[CONTRAINDICATIONS]
4 CONTRAINDICATIONS Insulin Glargine-yfgn is contraindicated: During episodes of hypoglycemia [see Warnings and Precautions (5.3) ]. In patients with hypersensitivity to insulin glargine products or any of the excipients in Insulin Glargine-yfgn [see Warnings and Precautions (5.5) ]. During episodes of hypoglycemia ( 4 ) Hypersensitivity to insulin glargine products or any excipient in Insulin Glargine-yfgn ( 4 )

[WARNINGS]
5 WARNINGS AND PRECAUTIONS Never share an Insulin Glargine-yfgn prefilled pen, insulin syringe, or needle between patients, even if the needle is changed. ( 5.1 ) Hyperglycemia or hypoglycemia with changes in insulin regimen: Make changes to a patient’s insulin regimen (e.g., insulin strength, manufacturer, type, injection site or method of administration) under close medical supervision with increased frequency of blood glucose monitoring. ( 5.2 ) Hypoglycemia: May be life-threatening. Increase frequency of glucose monitoring with changes to: insulin dosage, concomitant drugs, meal pattern, physical activity; and in patients with renal or hepatic impairment and hypoglycemia unawareness. ( 5.3 ) Hypoglycemia due to medication errors: Accidental mix-ups between insulin products can occur. Instruct patients to check insulin labels before injection. ( 5.4 ) Hypersensitivity reactions : Severe, life-threatening, generalized allergy, including anaphylaxis, can occur. Discontinue Insulin Glargine-yfgn. Monitor and treat if indicated. ( 5.5 ) Hypokalemia: May be life-threatening. Monitor potassium levels in patients at risk of hypokalemia and treat if indicated. ( 5.6 ) Fluid retention and heart failure with concomitant use of thiazolidinediones (TZDs) : Observe for signs and symptoms of heart failure; consider dosage reduction or discontinuation of TZD if heart failure occurs. ( 5.7 ) 5.1 Never Share an Insulin Glargine-yfgn Prefilled Pen, Insulin Syringe, or Needle Between Patient

[DOSAGE]
2 DOSAGE AND ADMINISTRATION Individualize dosage based on metabolic needs, blood glucose monitoring, glycemic control, type of diabetes, and prior insulin use. ( 2.2 ) Administer subcutaneously into the abdominal area, thigh, or deltoid once daily at any time of day, but at the same time every day. ( 2.1 ) Do not dilute or mix with any other insulin or solution. ( 2.1 ) Rotate injection sites to reduce risk of lipodystrophy and localized cutaneous amyloidosis. ( 2.1 ) See Full Prescribing Information for the recommended startin",4 CONTRAINDICATIONS Insulin Glargine-yfgn is contraindicated: During episodes of hypoglycemia [see Warnings and Precautions (5.3) ]. In patients with hypersensitivity to insulin glargine products or any of the excipients in Insulin Glargine-yfgn [see Warnings and Precautions (5.5) ]. During episodes of hypoglycemia ( 4 ) Hypersensitivity to insulin glargine products or any excipient in Insulin Glargine-yfgn ( 4 )
